Datetime,Water Level (m)
2025-05-22 18:00:00,-5.101
2025-05-22 19:00:00,-5.101
2025-05-22 20:00:00,-5.101
2025-05-22 21:00:00,-5.101
2025-05-22 22:00:00,-5.101
2025-05-22 23:00:00,-5.101
2025-05-23 00:00:00,-5.101
2025-05-23 01:00:00,-5.101
2025-05-23 02:00:00,-5.101
2025-05-23 03:00:00,-5.101
2025-05-23 04:00:00,-5.101
2025-05-23 05:00:00,-5.101
2025-05-23 06:00:00,-5.101
2025-05-23 07:00:00,-5.101
2025-05-23 08:00:00,-5.101
2025-05-23 09:00:00,-5.101
2025-05-23 10:00:00,0.12680738
2025-05-23 11:00:00,0.13087861
2025-05-23 12:00:00,0.13012333
2025-05-23 13:00:00,0.13979955
2025-05-23 14:00:00,0.14642648
2025-05-23 15:00:00,0.15122062
2025-05-23 16:00:00,0.15211791
2025-05-23 17:00:00,0.15900621
2025-05-23 18:00:00,0.16437235
2025-05-23 19:00:00,0.17122173
2025-05-23 20:00:00,0.17673334
2025-05-23 21:00:00,0.18210207
2025-05-23 22:00:00,0.18737301
2025-05-23 23:00:00,0.19477674
2025-05-24 00:00:00,0.20163131
2025-05-24 01:00:00,0.20743944
2025-05-24 02:00:00,0.21370111
2025-05-24 03:00:00,0.21874957
2025-05-24 04:00:00,0.22410443
2025-05-24 05:00:00,0.23585051
2025-05-24 06:00:00,0.25394672
2025-05-24 07:00:00,0.26842463
2025-05-24 08:00:00,0.28040543
2025-05-24 09:00:00,0.29187354
2025-05-24 10:00:00,0.3037509
2025-05-24 11:00:00,0.31539318
2025-05-24 12:00:00,0.32587123
2025-05-24 13:00:00,0.3344322
2025-05-24 14:00:00,0.34252048
2025-05-24 15:00:00,0.35064182
2025-05-24 16:00:00,0.35869548
2025-05-24 17:00:00,0.3668729
2025-05-24 18:00:00,0.37524644
2025-05-24 19:00:00,0.3831832
2025-05-24 20:00:00,0.39080146
2025-05-24 21:00:00,0.39837757
2025-05-24 22:00:00,0.40601894
2025-05-24 23:00:00,0.41393682
2025-05-25 00:00:00,0.42205054
2025-05-25 01:00:00,0.4307192
2025-05-25 02:00:00,0.4389871
2025-05-25 03:00:00,0.44720176
2025-05-25 04:00:00,0.45495278
2025-05-25 05:00:00,0.4629181
2025-05-25 06:00:00,0.47127762
2025-05-25 07:00:00,0.4798262
2025-05-25 08:00:00,0.4880554
2025-05-25 09:00:00,0.4958562
2025-05-25 10:00:00,0.5032823
2025-05-25 11:00:00,0.509786
2025-05-25 12:00:00,0.5153985
2025-05-25 13:00:00,0.52177215
2025-05-25 14:00:00,0.52872485
2025-05-25 15:00:00,0.5361481
2025-05-25 16:00:00,0.5436046
2025-05-25 17:00:00,0.551747
2025-05-25 18:00:00,0.56003165
2025-05-25 19:00:00,0.5686777
2025-05-25 20:00:00,0.57728565
2025-05-25 21:00:00,0.5855978
2025-05-25 22:00:00,0.59378076
2025-05-25 23:00:00,0.60172117
2025-05-26 00:00:00,0.6098286
2025-05-26 01:00:00,0.6183168
2025-05-26 02:00:00,0.6270771
2025-05-26 03:00:00,0.63624233
2025-05-26 04:00:00,0.6449659
2025-05-26 05:00:00,0.6532009
2025-05-26 06:00:00,0.66112304
2025-05-26 07:00:00,0.6687277
2025-05-26 08:00:00,0.6762737
2025-05-26 09:00:00,0.6832742
2025-05-26 10:00:00,0.68968534
2025-05-26 11:00:00,0.695525
2025-05-26 12:00:00,0.7007631
2025-05-26 13:00:00,0.7058656
2025-05-26 14:00:00,0.71083957
2025-05-26 15:00:00,0.7161689
2025-05-26 16:00:00,0.7218344
2025-05-26 17:00:00,0.7278467
2025-05-26 18:00:00,0.73423463
2025-05-26 19:00:00,0.7407412
2025-05-26 20:00:00,0.74716437
2025-05-26 21:00:00,0.75327593
2025-05-26 22:00:00,0.75874156
2025-05-26 23:00:00,0.7632863
2025-05-27 00:00:00,0.76629186
2025-05-27 01:00:00,0.7697921
2025-05-27 02:00:00,0.77352566
2025-05-27 03:00:00,0.7775617
2025-05-27 04:00:00,0.7817129
2025-05-27 05:00:00,0.7860504
2025-05-27 06:00:00,0.790691
2025-05-27 07:00:00,0.79561913
2025-05-27 08:00:00,0.8012029
2025-05-27 09:00:00,0.8065931
2025-05-27 10:00:00,0.81209177
2025-05-27 11:00:00,0.81806594
2025-05-27 12:00:00,0.8241855
2025-05-27 13:00:00,0.82955843
2025-05-27 14:00:00,0.8341856
2025-05-27 15:00:00,0.83866286
2025-05-27 16:00:00,0.8432642
2025-05-27 17:00:00,0.8480245
2025-05-27 18:00:00,0.85295624
2025-05-27 19:00:00,0.8580425
2025-05-27 20:00:00,0.8629859
2025-05-27 21:00:00,0.8677286
2025-05-27 22:00:00,0.8729631
2025-05-27 23:00:00,0.8782826
2025-05-28 00:00:00,0.8832792
2025-05-28 01:00:00,0.88748413
2025-05-28 02:00:00,0.8912721
2025-05-28 03:00:00,0.8953767
2025-05-28 04:00:00,0.9002578
2025-05-28 05:00:00,0.90251994
2025-05-28 06:00:00,0.9044858
2025-05-28 07:00:00,0.9094729
2025-05-28 08:00:00,0.9158309
2025-05-28 09:00:00,0.921159
2025-05-28 10:00:00,0.9237194
2025-05-28 11:00:00,0.9253975
2025-05-28 12:00:00,0.9290823
2025-05-28 13:00:00,0.93262315
2025-05-28 14:00:00,0.9357742
2025-05-28 15:00:00,0.9388677
2025-05-28 16:00:00,0.94281834
2025-05-28 17:00:00,0.9479999
2025-05-28 18:00:00,0.95407856
